user_id,name,email,age
20250712004509-0002,Johnnie Mayer,Ross.Reynolds21@hotmail.com,35
20250712004509-0003,Myrtle Waters,Edmund_Funk@gmail.com,99
20250712004509-0004,Flora Rodriguez I,Willie.Bogisich@gmail.com,84
20250712004509-0005,Dr. Cecilia Konopelski-Lakin,Felicia75@gmail.com,87
20250712004509-0006,Chelsea Boyle-Stoltenberg,Regina.Emard97@yahoo.com,83
20250712004509-0007,Seth Mraz,Cecilia_Blanda89@gmail.com,24
20250712004509-0008,Thelma Kris-Schinner,Johnnie.Jast93@hotmail.com,6
20250712004509-0009,Thomas Hane,Dominic24@yahoo.com,93
20250712004509-0010,Della Hickle,Leon_Rohan@hotmail.com,35
20250712004509-0011,Kristi Durgan,Maria_Schmeler9@hotmail.com,70
20250712004509-0012,Brad Sawayn,Tyler.Dach57@gmail.com,112
20250712004509-0013,Isabel Crist Jr.,Cecilia_Braun54@yahoo.com,63
20250712004509-0014,Allen Roob,Sandra.Heidenreich4@yahoo.com,40
20250712004509-0015,Robin Wilkinson,Brent_Wilkinson2@hotmail.com,62
20250712004509-0016,Martin Flatley,Gabriel23@hotmail.com,13
20250712004509-0017,Delia Walker IV,Leticia_Schinner@yahoo.com,78
20250712004509-0018,Blanca Durgan,Christina27@gmail.com,1
20250712004509-0019,Ellen Hudson,Matthew.Medhurst69@gmail.com,111
20250712004509-0020,Bobby Bayer,Erick_Brekke36@gmail.com,110
20250712004509-0021,Karen Pfannerstill,Amber.Steuber-Greenfelder@gmail.com,49
20250712004509-0022,Vanessa Kihn-Durgan,Lorena.Schuppe@hotmail.com,49
20250712004509-0023,Grace Sporer,George38@yahoo.com,50
20250712004509-0024,Krista Herzog-Paucek,Shawn.Tremblay@hotmail.com,109
20250712004509-0025,Doyle Schaden,Clarence.Berge@hotmail.com,30
20250712004509-0026,Beth Crooks,Sean.Bradtke99@yahoo.com,36
20250712004509-0027,Doyle Botsford,Wilfred.Dickinson@hotmail.com,70
20250712004509-0028,Santos Skiles,Joey22@gmail.com,17
20250712004509-0029,Ms. Gina Kuhic,Debbie83@hotmail.com,78
20250712004509-0030,Garry Pfeffer,Lora_Heathcote91@yahoo.com,105
20250712004509-0031,Annie Rogahn,June.Kuhn24@hotmail.com,92
20250712004509-0032,Hubert Gerlach,Alice99@hotmail.com,3
20250712004509-0033,Clark Willms,Leo25@gmail.com,45
20250712004509-0034,Natalie Lesch PhD,Marilyn76@yahoo.com,76
20250712004509-0035,Pauline Cremin,Geraldine.Langworth27@hotmail.com,50
20250712004509-0036,Nellie Labadie,Clay75@hotmail.com,27
20250712004509-0037,Felipe Barrows,Clint37@yahoo.com,47
20250712004509-0038,Derrick Mitchell Jr.,Mark_Fritsch67@hotmail.com,52
20250712004509-0039,James Boehm,Terry9@hotmail.com,54
20250712004509-0040,Darrin Fritsch,Leland.Mills@yahoo.com,50
20250712004509-0041,Blanca Osinski,Annette56@yahoo.com,96
20250712004509-0042,Inez Walker,Fannie_Wolff-Schinner@gmail.com,19
20250712004509-0043,Deanna Kunze,Colleen.Hayes@gmail.com,109
20250712004509-0044,Angela Emmerich,Martin12@yahoo.com,1
20250712004509-0045,Sidney Kertzmann,Angelo_Krajcik@yahoo.com,10
20250712004509-0046,Miguel Stokes Sr.,Sheila86@hotmail.com,82
20250712004509-0047,Cedric McLaughlin,Al.Towne@yahoo.com,21
20250712004509-0048,Kendra Hauck,Jordan1@gmail.com,58
20250712004509-0049,Spencer Larson,Rickey65@gmail.com,110
20250712004509-0050,Claudia Collins,Timothy12@gmail.com,3
20250712004509-0051,Ernest Frami,Elijah_Mante32@gmail.com,108
20250712004509-0052,Fred Bailey,Shaun_Pagac@yahoo.com,23
20250712004509-0053,Lillie Feeney MD,Lester32@hotmail.com,29
20250712004509-0054,Salvador Collier,Alfredo.Bogisich68@gmail.com,50
20250712004509-0055,Kathleen Prosacco,Ervin.Nitzsche16@hotmail.com,5
20250712004509-0056,Arlene Bednar,Rickey7@yahoo.com,24
20250712004509-0057,Gayle Towne,Cora.Nitzsche@yahoo.com,108
20250712004509-0058,Alison Carroll,William.Wisoky@hotmail.com,5
20250712004509-0059,Simon Legros,Lindsey6@gmail.com,61
20250712004509-0060,Lucas Larkin,Chelsea_Kohler@hotmail.com,20
20250712004509-0061,Dr. Jerome Jaskolski,Russell_VonRueden93@yahoo.com,107
20250712004509-0062,Delores Friesen,Shaun.Jacobson21@yahoo.com,76
20250712004509-0063,Owen Walker,Sophie.Will35@yahoo.com,110
20250712004509-0064,Danny Rippin,Darryl_Mann@hotmail.com,22
20250712004509-0065,Mona Maggio-Schimmel,Albert6@hotmail.com,34
20250712004509-0066,Dr. Myra Jacobson PhD,Rudy_Shields59@hotmail.com,23
20250712004509-0067,Eunice Crona,Leland.Harris@hotmail.com,82
20250712004509-0068,Essie Ortiz,Johnnie.Rutherford-Beatty5@yahoo.com,47
20250712004509-0069,Lucia Ullrich,Dallas71@yahoo.com,81
20250712004509-0070,Michael Wintheiser,Brendan_Hilll@hotmail.com,75
20250712004509-0071,Tanya Lemke,Jessie_OConner38@hotmail.com,117
20250712004509-0072,Marian Kassulke,Yvonne25@hotmail.com,104
20250712004509-0073,Aubrey Senger,Darrell.Feeney0@yahoo.com,62
20250712004509-0074,Mrs. Alexis Runolfsson,Krista.Crooks@hotmail.com,84
20250712004509-0075,Van Klocko,Derrick.Collier53@yahoo.com,95
20250712004509-0076,Veronica Dicki,Horace.Gulgowski56@hotmail.com,3
20250712004509-0077,Paulette Abshire,Velma_Flatley26@gmail.com,25
20250712004509-0078,Jill Senger MD,Keith64@hotmail.com,81
20250712004509-0079,Betsy Stracke,Sidney.Wolff38@yahoo.com,11
20250712004509-0080,Dr. Ronald Murray,Billie.Runolfsson@hotmail.com,15
20250712004509-0081,Mr. Marc Zieme,Wendy.Kessler-Adams91@yahoo.com,53
20250712004509-0082,Danielle Von,Delbert.Robel@gmail.com,34
20250712004509-0083,Mack Moore,Sherry45@yahoo.com,96
20250712004509-0084,Mrs. Sabrina Cassin,Marshall_Daugherty20@yahoo.com,104
20250712004509-0085,Cameron Bailey,Anita_Pagac@yahoo.com,9
20250712004509-0086,Lewis Nolan Sr.,Geraldine.Crooks18@gmail.com,7
20250712004509-0087,Sally Howell,Mamie.Parisian@hotmail.com,97
20250712004509-0088,Dr. Rosie King,Dale19@yahoo.com,51
20250712004509-0089,Dwight Raynor,Yvonne_Barrows13@yahoo.com,65
20250712004509-0090,Debbie Parker,George_Bahringer@hotmail.com,33
20250712004509-0091,Carolyn Denesik,Jean.Jacobi@yahoo.com,5
20250712004509-0092,Lula Pfeffer,Inez.Brown25@gmail.com,22
20250712004509-0093,Danielle Block,Lauren_Crooks74@hotmail.com,109
20250712004509-0094,Alexis Runolfsdottir DDS,Dan81@hotmail.com,41
20250712004509-0095,Jeremy Weber,Enrique20@hotmail.com,75
20250712004509-0096,Claudia Kreiger,Krystal.Ziemann27@hotmail.com,90
20250712004509-0097,Thomas McLaughlin,Angelo_Gleichner@yahoo.com,118
20250712004509-0098,Bradley Bogisich,Marlon.Oberbrunner@yahoo.com,17
20250712004509-0099,Elsie Schmitt,Julio55@yahoo.com,2
20250712004509-0100,Fernando Wiegand,Paul.Lindgren59@hotmail.com,20
20250712004509-0101,Mr. Clay Kirlin-Mann,Lucia_Powlowski87@yahoo.com,91
20250712004509-0102,Grace Vandervort,Maria_Gulgowski@yahoo.com,84
20250712004509-0103,Monica Abbott,Elsie.Kuphal76@hotmail.com,88
20250712004509-0104,Nancy Mueller,Jimmy_Wolf@yahoo.com,42
20250712004509-0105,Andrea Bernier-Abbott,Forrest43@hotmail.com,16
20250712004509-0106,Mr. Carlos Abbott,Edna_Spinka@hotmail.com,50
20250712004509-0107,Carl Tromp-Mraz,Lucas.Will60@gmail.com,3
20250712004509-0108,Irma Kutch,Marcus65@gmail.com,77
20250712004509-0109,Jake Ankunding,Marion_Hessel58@gmail.com,75
20250712004509-0110,Clint Lebsack,Jennifer.Schimmel@yahoo.com,22
20250712004509-0111,Miss Ana Pouros,Kelvin68@yahoo.com,80
20250712004509-0112,Sheldon Daniel,Stuart.Larkin96@hotmail.com,113
20250712004509-0113,Travis Crooks,Adrienne.OConner71@yahoo.com,22
20250712004509-0114,Clifton Dickinson,Melvin_Bergstrom@yahoo.com,97
20250712004509-0115,Saul Waelchi,Kristi_Connelly70@yahoo.com,19
20250712004509-0116,Julie Mueller,Roger.Jenkins25@hotmail.com,40
20250712004509-0117,Estelle Krajcik,Cristina_Little72@hotmail.com,63
20250712004509-0118,Andy Streich,Marcella.Stanton32@hotmail.com,21
20250712004509-0119,Jonathon Volkman,Irving.Hackett@yahoo.com,92
20250712004509-0120,Patti O'Conner-Baumbach,Irma.Cruickshank@hotmail.com,6
20250712004509-0121,Dwayne Gottlieb,Brandi.Kulas@yahoo.com,32
20250712004509-0122,Kellie Howe,Toni.Legros@hotmail.com,87
20250712004509-0123,Mr. Virgil Mraz,Johnathan33@gmail.com,23
20250712004509-0124,Mr. Justin Bosco,Kurt.Kshlerin@gmail.com,94
20250712004509-0125,Stanley Becker,Charles42@yahoo.com,33
20250712004509-0126,Roxanne Koss,Robin_Zulauf@yahoo.com,102
20250712004509-0127,Ann Corkery,Lana.Kuvalis@hotmail.com,79
20250712004509-0128,Danny Witting,Patsy16@yahoo.com,3
20250712004509-0129,Byron Kihn,Sherri.Dietrich@gmail.com,17
20250712004509-0130,Roy Sporer,Russell_Jast64@gmail.com,34
20250712004509-0131,Lois Grimes,Perry_Bradtke@gmail.com,52
20250712004509-0132,Sheldon Hyatt,Patricia_Terry@gmail.com,3
20250712004509-0133,Cecilia Brown,Blanche.Bergstrom7@yahoo.com,29
20250712004509-0134,Nathan Dach-O'Kon,Morris.Runolfsdottir49@yahoo.com,100
20250712004509-0135,Ellis Prohaska,Ben68@yahoo.com,58
20250712004509-0136,Jeffery Reilly,Adrian.Mitchell1@yahoo.com,116
20250712004509-0137,Rodolfo Emmerich,Betty.Boyer@hotmail.com,98
20250712004509-0138,Marcus Reichel,Guillermo_Spencer@hotmail.com,72
20250712004509-0139,Johnathan Hills V,Kurt59@yahoo.com,97
20250712004509-0140,Malcolm Daugherty,Candice13@hotmail.com,5
20250712004509-0141,Hilda Beahan,Jeanette_Breitenberg55@hotmail.com,40
20250712004509-0142,Billie Rippin,Sadie17@yahoo.com,78
20250712004509-0143,Alison Lemke,Dana33@yahoo.com,117
20250712004509-0144,Jamie Nitzsche,Byron.Bogan50@hotmail.com,28
20250712004509-0145,Jason Tillman,Lydia.Reilly@yahoo.com,54
20250712004509-0146,Darryl Orn,Wilbur.Schmitt@hotmail.com,21
20250712004509-0147,Bill Wisoky,Alexander_Pacocha@hotmail.com,78
20250712004509-0148,Mr. Jesus Kunde V,Rudy37@hotmail.com,113
20250712004509-0149,Earnest Mosciski,Freda32@yahoo.com,85
20250712004509-0150,Kristie Krajcik,Amanda5@hotmail.com,113
20250712004509-0151,Misty Erdman-Schulist,Kelvin96@hotmail.com,94
20250712004509-0152,Tanya Champlin,Garrett.Turner@yahoo.com,101
20250712004509-0153,Regina Kuhlman II,Colleen18@hotmail.com,91
20250712004509-0154,Beverly Koch-Runte,Christian.Herman72@yahoo.com,91
20250712004509-0155,Connie Ernser,Willard55@hotmail.com,104
20250712004509-0156,Angelina Bailey DDS,Terry.Stokes@gmail.com,54
20250712004509-0157,Rhonda Altenwerth,Randolph.Hermann@yahoo.com,3
20250712004509-0158,Kelly Bosco-Swift,Janet29@gmail.com,3
20250712004509-0159,Ms. Alyssa Donnelly,Pat56@hotmail.com,52
20250712004509-0160,Delbert Sauer Jr.,Michelle_Renner58@hotmail.com,85
20250712004509-0161,Frank Aufderhar,Nettie14@gmail.com,76
20250712004509-0162,Mr. Kenny Wiegand,Ken_Kuhn@hotmail.com,92
20250712004509-0163,Mr. Eduardo Fisher,Felicia_Streich@yahoo.com,57
20250712004509-0164,Archie Kreiger,Dennis_Donnelly@gmail.com,32
20250712004509-0165,Tanya Swaniawski,Patty14@hotmail.com,97
20250712004509-0166,Edwin Gislason,Maureen.Smith77@hotmail.com,100
20250712004509-0167,Victor Raynor,Rebecca75@gmail.com,27
20250712004509-0168,Claudia Ziemann PhD,Janet_Krajcik@yahoo.com,49
20250712004509-0169,Sylvester Jerde,Raul.Zulauf18@gmail.com,30
20250712004509-0170,Tabitha McClure IV,Traci8@yahoo.com,100
20250712004509-0171,Jaime Zboncak,Dana18@gmail.com,39
20250712004509-0172,Martin Howell,Teri.Wiza-Cummings85@gmail.com,24
20250712004509-0173,Eula Denesik,Orlando85@gmail.com,103
20250712004509-0174,Edmond Jerde,Eloise.Vandervort55@hotmail.com,111
20250712004509-0175,Dianna Gutmann,Nick_Hackett@yahoo.com,56
20250712004509-0176,Irvin Block DDS,Noel.Lockman85@yahoo.com,59
20250712004509-0177,Boyd Feil,Loren.Veum32@yahoo.com,27
20250712004509-0178,Geoffrey Hills,Robin10@yahoo.com,56
20250712004509-0179,Mr. Hector Mayer,Desiree.Heller@gmail.com,61
20250712004509-0180,Frederick Bednar,Brandy.Boehm@hotmail.com,31
20250712004509-0181,Lillian Douglas,Sheila_Harvey@gmail.com,24
20250712004509-0182,Wanda Mohr,Kathryn_Brown10@hotmail.com,100
20250712004509-0183,Dixie Bins,Cecil35@gmail.com,113
20250712004509-0184,Marian Lind-Flatley,Roger.Hilll34@gmail.com,65
20250712004509-0185,Miss Sandra Johnston,Pedro.Hilll26@hotmail.com,81
20250712004509-0186,Lela Crooks,Robin71@hotmail.com,21
20250712004509-0187,Darryl Mraz,Marta74@hotmail.com,86
20250712004509-0188,Shane White,Penny.Waelchi@yahoo.com,67
20250712004509-0189,Tara Hintz MD,Robin_Kuphal18@gmail.com,91
20250712004509-0190,Dr. Jesse Blanda-Weissnat,Mark.Wiza@yahoo.com,55
20250712004509-0191,Josefina Sanford,Michelle.Prohaska@hotmail.com,50
20250712004509-0192,Rosemarie Gutkowski,Lindsay.McClure-Dibbert20@gmail.com,29
20250712004509-0193,Lonnie Davis,Kathleen.Spinka25@yahoo.com,48
20250712004509-0194,Charlotte Kub,Simon76@yahoo.com,110
20250712004509-0195,Dr. Laurence Thiel,Laurie.Lemke20@yahoo.com,22
20250712004509-0196,Dan Willms,Nichole77@gmail.com,50
20250712004509-0197,Shawn Funk,Suzanne.Koelpin17@gmail.com,11
20250712004509-0198,Sherry Morar,Mario27@hotmail.com,6
20250712004509-0199,Sandra Yundt,Gladys.Gutkowski@yahoo.com,49
20250712004509-0200,Miss Olivia Connelly,Bradford.Runte@hotmail.com,50
20250712004509-0201,Vincent Brown,Cornelius.Fahey@hotmail.com,30
20250712004509-0202,Dr. Rosa Howell,Tara.Schumm43@hotmail.com,71
20250712004509-0203,Amy Kilback,Laurie.Green67@gmail.com,54
20250712004509-0204,Sherman Herzog,Alexis33@yahoo.com,103
20250712004509-0205,Shelia Wilkinson,Dominic78@hotmail.com,47
20250712004509-0206,Evelyn Dare IV,Emanuel_Purdy18@yahoo.com,5
20250712004509-0207,Elias Grady,Melvin.Ritchie85@yahoo.com,81
20250712004509-0208,Randy Aufderhar,Marcos96@hotmail.com,61
20250712004509-0209,Damon Moore,Kristen.Rosenbaum95@gmail.com,9
20250712004509-0210,Merle Funk,Geoffrey.Harber60@gmail.com,106
20250712004509-0211,Marcia Buckridge,Salvatore46@yahoo.com,48
20250712004509-0212,Christine Bartoletti,Gordon76@hotmail.com,37
20250712004509-0213,Ms. Christina Herzog,Rita.Abernathy@hotmail.com,44
20250712004509-0214,Milton Herzog I,Joel_Funk@hotmail.com,117
20250712004509-0215,Aaron Will,Zachary_Harris51@hotmail.com,85
20250712004509-0216,Elvira McClure,Jasmine10@yahoo.com,45
20250712004509-0217,Chester Glover,Jacob59@gmail.com,117
20250712004509-0218,Mr. Daniel Hilpert,Bonnie_Adams35@gmail.com,12
20250712004509-0219,Patsy Harber,Marvin.Swift79@gmail.com,30
20250712004509-0220,Nichole Friesen,Douglas_Krajcik@yahoo.com,49
20250712004509-0221,Lewis Gerhold,Jermaine74@yahoo.com,3
20250712004509-0222,Mr. Rick Ankunding,Rene28@yahoo.com,86
20250712004509-0223,Freddie Boyer,Gene85@yahoo.com,82
20250712004509-0224,Ira Armstrong,Jean_Ernser@yahoo.com,43
20250712004509-0225,Miss Anita West,Beth_Franey2@hotmail.com,8
20250712004509-0226,Dexter Jacobson,Eva_Rice@gmail.com,109
20250712004509-0227,Beth Terry,Elsie10@hotmail.com,105
20250712004509-0228,Mr. Mark Cruickshank-Veum,Dean74@gmail.com,111
20250712004509-0229,Dewey Dickens,Clara_Wisozk77@yahoo.com,15
20250712004509-0230,Sean Bartell,Nora61@hotmail.com,53
20250712004509-0231,Ms. Gloria Franecki,Charlie_Bruen88@yahoo.com,3
20250712004509-0232,Erik Flatley,Marguerite_Ziemann@hotmail.com,47
20250712004509-0233,Ian Prosacco Jr.,Laurie_Ankunding30@hotmail.com,105
20250712004509-0234,Zachary Hane,Christy82@gmail.com,34
20250712004509-0235,Dan Wilkinson,Emmett83@gmail.com,48
20250712004509-0236,Josh Littel,Paulette.Bogisich@yahoo.com,50
20250712004509-0237,Tara Reynolds,Clifford.Schultz@yahoo.com,36
20250712004509-0238,Mr. Lonnie Reichert,Fred_Jakubowski@hotmail.com,45
20250712004509-0239,Miss Jessie Cole,Elmer73@gmail.com,16
20250712004509-0240,John Ondricka,Billy.Koepp@yahoo.com,30
20250712004509-0241,Bryant Orn,Nathaniel.Goyette@yahoo.com,46
20250712004509-0242,Ronnie Bechtelar,Sandra19@yahoo.com,22
20250712004509-0243,Darrin Schulist,Edna53@hotmail.com,109
20250712004509-0244,Jeremy Jaskolski,Walter_Haley@hotmail.com,26
20250712004509-0245,Pablo Dietrich,Rhonda_Kemmer@hotmail.com,46
20250712004509-0246,Lisa Emard,William.Conroy3@gmail.com,100
20250712004509-0247,Jo Braun,Jan_Beatty@gmail.com,50
20250712004509-0248,Tiffany Larson,Victor.Wilkinson-Ullrich@hotmail.com,97
20250712004509-0249,Miss Angelina Smitham,Scott.Price22@hotmail.com,6
20250712004509-0250,Darnell Hahn,Penny.Brakus@gmail.com,34
20250712004509-0251,Doreen Lindgren,Emilio.Reynolds33@yahoo.com,56
20250712004509-0252,Keith Kuvalis,Krista.Weber85@yahoo.com,69
20250712004509-0253,Gordon Armstrong,Angelina_Schoen11@gmail.com,114
20250712004509-0254,Dr. Ivan Corwin,Olivia_Stracke@gmail.com,34
20250712004509-0255,Alma Bechtelar,Shelly_Balistreri22@hotmail.com,102
20250712004509-0256,Chelsea Konopelski,Pamela.Balistreri@yahoo.com,108
20250712004509-0257,Mrs. June Skiles,Maurice.Kris51@yahoo.com,102
20250712004509-0258,Gary Barton,Frederick_Kerluke@gmail.com,24
20250712004509-0259,Ms. Francis Harber-Franecki,Karen_Ratke@gmail.com,100
20250712004509-0260,Clay Roberts,Marlene.Frami35@hotmail.com,95
20250712004509-0261,Dwayne Lebsack,Amber.Carroll45@yahoo.com,118
20250712004509-0262,Joshua Wunsch-Harvey,Guadalupe.Fisher43@yahoo.com,43
20250712004509-0263,Roman Huels,Harriet.Cronin10@yahoo.com,70
20250712004509-0264,Josefina Pfannerstill,Molly.Ortiz42@gmail.com,68
20250712004509-0265,Gerard Spinka,Raul_Conroy74@hotmail.com,109
20250712004509-0266,Clifford Kris,Carol89@hotmail.com,49
20250712004509-0267,Bernadette Gulgowski,Mitchell.Jacobi72@yahoo.com,50
20250712004509-0268,Mrs. Angel O'Reilly,Ella.Heaney@hotmail.com,115
20250712004509-0269,Catherine Homenick,Stella_McKenzie44@gmail.com,88
20250712004509-0270,Lorene Kassulke,Nancy_Leannon@hotmail.com,55
20250712004509-0271,Harriet Murazik,Sophia66@gmail.com,119
20250712004509-0272,Elizabeth Monahan,Levi.Powlowski7@hotmail.com,75
20250712004509-0273,Mario Kassulke,Joshua_Borer@gmail.com,30
20250712004509-0274,Helen Bernhard,Robert98@yahoo.com,65
20250712004509-0275,Ms. Sue Harris,Calvin.Abshire23@yahoo.com,80
20250712004509-0276,Erik Friesen,Mary_Spencer60@gmail.com,25
20250712004509-0277,Vera Funk,Stewart_Jast@yahoo.com,117
20250712004509-0278,Everett Ryan,Sherri_Macejkovic61@gmail.com,66
20250712004509-0279,Cora Zieme-Schinner,Clifford66@hotmail.com,82
20250712004509-0280,Melanie Hessel,Kristine6@gmail.com,93
20250712004509-0281,Miss Michele Okuneva,Jennie_Purdy@yahoo.com,87
20250712004509-0282,Travis Rice V,Elmer_Terry34@gmail.com,61
20250712004509-0283,Wilson Schmitt,Jermaine.Spinka75@yahoo.com,55
20250712004509-0284,Rita Bernhard,Kara.Rutherford89@hotmail.com,67
20250712004509-0285,Lionel Graham Jr.,Marie_Nitzsche3@hotmail.com,99
20250712004509-0286,Larry Heathcote,Francisco15@hotmail.com,23
20250712004509-0287,Benny Feil,Opal.Smitham25@gmail.com,53
20250712004509-0288,Dr. Gerard Krajcik,Clayton_Mitchell67@gmail.com,60
20250712004509-0289,Jessica Leffler,Terri64@gmail.com,17
20250712004509-0290,Mrs. Meredith Rowe,Beverly_Cruickshank@hotmail.com,88
20250712004509-0291,Brian Hettinger-Bode,Laurie34@hotmail.com,54
20250712004509-0292,Herman Green,Lauren_Halvorson23@hotmail.com,61
20250712004509-0293,Carla Nader,Cesar_Zieme90@yahoo.com,103
20250712004509-0294,Dan Altenwerth Jr.,Molly59@gmail.com,67
20250712004509-0295,Christy Bode,Cameron5@yahoo.com,9
20250712004509-0296,Darrel Denesik,Rolando.Borer48@gmail.com,5
20250712004509-0297,Molly Emard,Deanna88@hotmail.com,111
20250712004509-0298,Forrest Nader,Marcella.Blanda61@yahoo.com,75
20250712004509-0299,Mr. Calvin Rippin II,Ann.Kessler@yahoo.com,10
20250712004509-0300,June Walker,Joann40@hotmail.com,8
20250712004509-0301,Ms. Evelyn Conn,Eunice_Johns@hotmail.com,73
20250712004509-0302,Sara Ledner,Alexandra62@yahoo.com,18
20250712004509-0303,Randall Koepp,Marcos71@yahoo.com,28
20250712004509-0304,Stewart Deckow,Brenda_Harris25@hotmail.com,58
20250712004509-0305,Alejandro Goyette MD,Jesse_Schmeler@yahoo.com,31
20250712004509-0306,Ms. Virginia Bernier,Brian.Walker71@gmail.com,52
20250712004509-0307,Mr. Jaime Watsica,Lula54@gmail.com,53
20250712004509-0308,Ms. Tricia Lockman,Curtis.Pfannerstill@yahoo.com,94
20250712004509-0309,Darla Hartmann,Cesar.Luettgen@gmail.com,85
20250712004509-0310,Gregory Mayer,Rolando32@yahoo.com,98
20250712004509-0311,Duane Daugherty,Andy_Ziemann68@yahoo.com,110
20250712004509-0312,Anne Waters,Debra39@gmail.com,14
20250712004509-0313,Dr. Lee Hintz-Krajcik V,Cary84@gmail.com,97
20250712004509-0314,Alex Kreiger,Noel.Lakin93@gmail.com,31
20250712004509-0315,Erma Kuvalis,Andy69@gmail.com,86
20250712004509-0316,Tracy Howell,Abraham.Kreiger@gmail.com,34
20250712004509-0317,Danielle Thiel,Emily_Lebsack11@hotmail.com,47
20250712004509-0318,Mr. Cameron Hyatt,Willie70@hotmail.com,109
20250712004509-0319,Stacey Wisoky,Mindy_Dietrich48@gmail.com,8
20250712004509-0320,Vernon Buckridge,Roberto_Champlin@yahoo.com,53
20250712004509-0321,Mercedes Larson Jr.,Emma.Conn@yahoo.com,61
20250712004509-0322,Samantha Predovic,Horace.Lowe97@yahoo.com,82
20250712004509-0323,Mr. Frankie Collier Jr.,Suzanne95@hotmail.com,53
20250712004509-0324,Leroy Bogan,Ella8@gmail.com,59
20250712004509-0325,Samantha Terry,Cary_Batz@hotmail.com,120
20250712004509-0326,Randolph Wiza DDS,Lindsay_Bode@yahoo.com,116
20250712004509-0327,Troy Bode,Gerardo77@gmail.com,60
20250712004509-0328,Rex Ortiz-Wilderman II,Harry72@yahoo.com,99
20250712004509-0329,May Bartoletti,Alyssa_Dare@gmail.com,116
20250712004509-0330,Roman Kihn,Carolyn.Schultz94@hotmail.com,116
20250712004509-0331,Carlton Torp Jr.,Anne_Grimes18@hotmail.com,23
20250712004509-0332,Kara Kirlin,Erik91@gmail.com,72
20250712004509-0333,Pat Hammes,Shawn_Davis@yahoo.com,36
20250712004509-0334,Anita Hauck,Patty90@yahoo.com,33
20250712004509-0335,Byron Harvey-Quitzon,Sara_Willms@gmail.com,27
20250712004509-0336,Kathleen Corwin,Bernadette4@hotmail.com,115
20250712004509-0337,Kristin Daniel,Jodi.Gislason@yahoo.com,25
20250712004509-0338,Irma Spencer I,Kristopher_Kautzer@yahoo.com,19
20250712004509-0339,Jeannie McLaughlin,Hattie_Tromp@hotmail.com,28
20250712004509-0340,Dr. Vincent Torphy,Alice_Deckow15@gmail.com,105
20250712004509-0341,Darrel Batz-Roberts,Jessie4@yahoo.com,76
20250712004509-0342,Harold Reichel,Gina.Goyette@gmail.com,80
20250712004509-0343,Roman Lubowitz,Boyd.Bruen-Friesen@gmail.com,43
20250712004509-0344,Melody Walsh,Spencer98@yahoo.com,41
20250712004509-0345,Elbert Upton,Felix.Yundt30@hotmail.com,107
20250712004509-0346,Shannon Ankunding,Ronnie32@yahoo.com,61
20250712004509-0347,Ben Rath,Dave.Bernhard43@hotmail.com,68
20250712004509-0348,Raymond Lakin,Kate_Okuneva@gmail.com,81
20250712004509-0349,Oliver Donnelly,Conrad48@hotmail.com,36
20250712004509-0350,Cristina Marks,Nettie_Graham44@yahoo.com,114
20250712004509-0351,Cameron Grady,Ann52@yahoo.com,21
20250712004509-0352,Mr. Leonard Huel,Shawna.Veum34@gmail.com,21
20250712004509-0353,Brittany Cremin,Beulah.Krajcik@yahoo.com,78
20250712004509-0354,Vincent Rodriguez,Blanca.Miller@gmail.com,61
20250712004509-0355,Darryl Vandervort,Victor.Upton@yahoo.com,42
20250712004509-0356,Heather Cummings,Vivian14@hotmail.com,24
20250712004509-0357,Mabel Gleason,Nathaniel_Mertz94@yahoo.com,106
20250712004509-0358,Dennis Herzog,Rosemarie_Schoen47@hotmail.com,85
20250712004509-0359,Tina Nitzsche DVM,Eva_Dickinson@hotmail.com,115
20250712004509-0360,Wallace Gorczany,Belinda_Frami@yahoo.com,50
20250712004509-0361,Dr. Sheldon Brakus,Noah_Rau@gmail.com,80
20250712004509-0362,Stephanie Murazik,Morris95@gmail.com,109
20250712004509-0363,Sara Schoen,Grady52@gmail.com,27
20250712004509-0364,Mrs. Veronica Nikolaus,Todd.Altenwerth35@gmail.com,95
20250712004509-0365,Dr. Amos Swift Sr.,Teri67@hotmail.com,7
20250712004509-0366,Milton Mraz,Beth8@yahoo.com,66
20250712004509-0367,Willard Runte,Vernon.Kunde@hotmail.com,98
20250712004509-0368,Wanda Willms,Daniel98@hotmail.com,61
20250712004509-0369,Andres Pfannerstill,Nicolas_Ankunding34@gmail.com,81
20250712004509-0370,Carl Medhurst I,Jesse93@yahoo.com,94
20250712004509-0371,Dr. Kirk Sipes,Janis_Powlowski54@hotmail.com,98
20250712004509-0372,Kathleen Herzog,Yvette_Bergstrom-Mertz28@yahoo.com,91
20250712004509-0373,Elvira Bergstrom,Karen_Lockman0@yahoo.com,61
20250712004509-0374,Casey Boehm,Rene_Johns@hotmail.com,99
20250712004509-0375,Lynette Walter,Lester.Wiegand-Lindgren@hotmail.com,12
20250712004509-0376,Ellis Douglas,Dawn_Kuhn@yahoo.com,61
20250712004509-0377,Jean Quitzon,Kate52@yahoo.com,99
20250712004509-0378,Rosemarie Bogan,Edwin98@gmail.com,70
20250712004509-0379,Harold Bailey,Gwen_Weber18@gmail.com,116
20250712004509-0380,Judith O'Reilly PhD,Jaime.Schulist@hotmail.com,115
20250712004509-0381,Marguerite Marks,Rosie_Keeling50@gmail.com,2
20250712004509-0382,Hugo MacGyver,Brad99@yahoo.com,25
20250712004509-0383,Tyler Kohler Jr.,Carolyn_Quigley94@yahoo.com,117
20250712004509-0384,Ms. Florence Herzog,Lynn_Kuvalis@yahoo.com,19
20250712004509-0385,Theodore Powlowski,Erick89@yahoo.com,52
20250712004509-0386,Conrad Daniel,Alberta_Gorczany@yahoo.com,74
20250712004509-0387,Christina Spencer,Kelly93@hotmail.com,65
20250712004509-0388,Jacquelyn Gerlach,Antonio29@hotmail.com,82
20250712004509-0389,Lynette Sporer,Leona.Gutkowski9@gmail.com,36
20250712004509-0390,Victoria Bashirian,Rachel_Fay@yahoo.com,83
20250712004509-0391,Mrs. Amy Hamill DDS,Charles_Schumm@yahoo.com,12
20250712004509-0392,Guadalupe Ledner,Paula25@yahoo.com,70
20250712004509-0393,Rickey Zemlak,Belinda46@hotmail.com,77
20250712004509-0394,Jaime Hegmann III,Todd17@hotmail.com,58
20250712004509-0395,Darren Christiansen,Aaron.Streich90@hotmail.com,83
20250712004509-0396,Sandy Bashirian,Melvin_Davis4@yahoo.com,87
20250712004509-0397,Roman Keebler,Celia_Berge@yahoo.com,98
20250712004509-0398,Denise Orn,Annie.Schuster@hotmail.com,117
20250712004509-0399,Dr. Angelo Littel,Evelyn_Rau@yahoo.com,113
20250712004509-0400,Joanna Strosin,Tamara59@hotmail.com,113
20250712004509-0401,Mr. Stanley Reinger,Felipe.Smith@hotmail.com,37
20250712004509-0402,Marion Leffler,William47@hotmail.com,54
20250712004509-0403,Carolyn Boyle II,Tanya76@yahoo.com,16
20250712004509-0404,Deanna Breitenberg,Jimmy60@yahoo.com,107
20250712004509-0405,Dominick Conroy PhD,Guadalupe_Langosh-Reichert41@hotmail.com,75
20250712004509-0406,Stanley Quigley-Marks,Lana_Vandervort@yahoo.com,80
20250712004509-0407,Chad Gutkowski,Jerry.Wintheiser1@hotmail.com,46
20250712004509-0408,Monica Pollich,Samuel_Dietrich@gmail.com,97
20250712004509-0409,Claudia Anderson V,Esther77@hotmail.com,96
20250712004509-0410,Tracey Hoeger,Bennie47@gmail.com,7
20250712004509-0411,Jennie Lehner,Amber.Mayer@yahoo.com,69
20250712004509-0412,Johanna Rice-Miller,Charlie.Klein73@yahoo.com,87
20250712004509-0413,Ms. Valerie Mante,Dan57@gmail.com,51
20250712004509-0414,Leona Kiehn,Lonnie_Becker@hotmail.com,37
20250712004509-0415,Adrienne Lang,Mildred_Maggio52@hotmail.com,19
20250712004509-0416,Ray Mosciski,Henry_Schimmel9@gmail.com,17
20250712004509-0417,Jody Harris,Catherine_Bartell@hotmail.com,116
20250712004509-0418,Kendra Pfannerstill II,Olive_Abbott@gmail.com,41
20250712004509-0419,Alyssa Stanton,Kay_Morar63@yahoo.com,41
20250712004509-0420,Sheryl Bashirian,Norma.Jacobs@hotmail.com,108
20250712004509-0421,Lauren Veum,Candice_Bergnaum@hotmail.com,2
20250712004509-0422,Jacob McCullough,Homer_Waters@hotmail.com,54
20250712004509-0423,Patti Stokes,Rachel_Lind15@gmail.com,34
20250712004509-0424,Heather Blanda,Yvonne_Pollich18@gmail.com,70
20250712004509-0425,Theodore Friesen-Konopelski,Diane99@hotmail.com,81
20250712004509-0426,Glenda Wisozk,Miriam21@gmail.com,119
20250712004509-0427,Linda Waelchi,Chester_Funk69@yahoo.com,76
20250712004509-0428,Natasha Fahey,Jamie.Koss77@gmail.com,77
20250712004509-0429,Becky Schroeder,Lynne44@gmail.com,69
20250712004509-0430,Gayle Schneider DDS,Amelia.Rolfson@gmail.com,92
20250712004509-0431,Allison Mohr,Dustin.Kunze@hotmail.com,52
20250712004509-0432,Miss Melody Krajcik,Ebony_Gleason@gmail.com,69
20250712004509-0433,Amanda Thompson,Erin_Herman-Dach9@gmail.com,43
20250712004509-0434,Wilfred Hackett,Julian.Hudson@yahoo.com,19
20250712004509-0435,Jason Abbott DDS,April_Prohaska2@gmail.com,62
20250712004509-0436,Kelli Blanda,Alfred63@yahoo.com,106
20250712004509-0437,Viola Zulauf Sr.,Diana.Ledner92@yahoo.com,52
20250712004509-0438,Ivan Harvey,Rex10@yahoo.com,30
20250712004509-0439,Jeff Koss,Dora.Mann80@gmail.com,104
20250712004509-0440,Gene Feest Sr.,Ted59@gmail.com,64
20250712004509-0441,Debbie Hyatt,Marcus86@hotmail.com,22
20250712004509-0442,Russell Haley,Jenny5@yahoo.com,73
20250712004509-0443,Naomi Ruecker,Clifton.Sanford3@hotmail.com,84
20250712004509-0444,Carole Treutel,Darryl.Aufderhar32@hotmail.com,75
20250712004509-0445,Rebecca Steuber,Julian91@gmail.com,83
20250712004509-0446,Dorothy Kling,Yvette_Lynch44@yahoo.com,23
20250712004509-0447,Leona O'Reilly,Gregory.Fisher@hotmail.com,52
20250712004509-0448,Rita Satterfield,Pam.Collier-Homenick@gmail.com,32
20250712004509-0449,Jessie Kulas,Cynthia47@yahoo.com,107
20250712004509-0450,Linda Runte,Viola_Rodriguez17@hotmail.com,21
20250712004509-0451,Janice Altenwerth,Byron_Turner74@gmail.com,72
20250712004509-0452,Cecilia Murray,Kenneth.Douglas@hotmail.com,118
20250712004509-0453,Estelle Bartell V,Gabriel28@hotmail.com,115
20250712004509-0454,Kyle Breitenberg,Irvin.Mosciski35@gmail.com,38
20250712004509-0455,Dr. Earnest Kuhlman,Joanne.Christiansen@gmail.com,91
20250712004509-0456,Stephanie Reichert,Doreen25@gmail.com,58
20250712004509-0457,Carla Hoeger,Phillip.Sauer@yahoo.com,33
20250712004509-0458,Timmy Donnelly,Ernest.Feil44@yahoo.com,26
20250712004509-0459,Tiffany Kub-Friesen,Ryan2@yahoo.com,23
20250712004509-0460,Sammy Waters,Marta_Rutherford@hotmail.com,70
20250712004509-0461,Edith Schaefer,Beverly_Trantow@gmail.com,48
20250712004509-0462,Wendy Paucek,Anthony_Smitham81@yahoo.com,84
20250712004509-0463,Robyn Luettgen,Dorothy82@gmail.com,100
20250712004509-0464,Mrs. Madeline Luettgen,Susan36@hotmail.com,20
20250712004509-0465,Barry Sauer,Teresa_Douglas48@hotmail.com,75
20250712004509-0466,Leland Corwin,Robert_Zieme@gmail.com,38
20250712004509-0467,Troy Huels,Alex_Windler@yahoo.com,32
20250712004509-0468,Wilson Lebsack,Edith21@gmail.com,80
20250712004509-0469,Elsa Price Sr.,Rufus.Langworth@hotmail.com,63
20250712004509-0470,Connie McClure,Erin_Breitenberg@yahoo.com,72
20250712004509-0471,Toni Jaskolski,Ivan15@yahoo.com,111
20250712004509-0472,Jessica Bartell,Arlene_Bradtke@gmail.com,44
20250712004509-0473,Sadie Toy,Randolph39@hotmail.com,67
20250712004509-0474,Alonzo Boyer,Marian_Schiller88@hotmail.com,19
20250712004509-0475,Pete Smith,Lynette48@gmail.com,103
20250712004509-0476,Travis Luettgen,Blanca_Kiehn81@hotmail.com,118
20250712004509-0477,Ernestine Greenfelder,Devin_Legros77@hotmail.com,7
20250712004509-0478,Jamie Littel,Sheri_Hudson@gmail.com,68
20250712004509-0479,Rodney Parker,Dave38@gmail.com,23
20250712004509-0480,Marcia Dickinson-Schoen,Hazel68@gmail.com,100
20250712004509-0481,June Schroeder,Miriam.Schaden56@hotmail.com,51
20250712004509-0482,Joseph Sawayn,Ervin_Krajcik37@gmail.com,46
20250712004509-0483,Kelley Zieme,Cedric.Grady0@gmail.com,39
20250712004509-0484,Lorene Simonis,Percy.Heathcote@yahoo.com,14
20250712004509-0485,Ken Wilkinson,Robin_Cronin@gmail.com,11
20250712004509-0486,Marguerite Weber,Patsy.Tromp@yahoo.com,98
20250712004509-0487,Loretta Daniel,Charlene.Rice99@gmail.com,61
20250712004509-0488,Dr. Scott McKenzie DDS,Kelli68@yahoo.com,42
20250712004509-0489,Eduardo Mosciski,Willie.Kuphal-Hermann@hotmail.com,120
20250712004509-0490,Estelle Wuckert,Rose_Quigley@hotmail.com,116
20250712004509-0491,Daryl Walter,Leon_Parisian@yahoo.com,58
20250712004509-0492,Sherman Davis,Joshua_Fadel@yahoo.com,71
20250712004509-0493,Alexis Doyle,Heidi_Rowe@gmail.com,118
20250712004509-0494,Sharon Sporer,Jacqueline3@yahoo.com,83
20250712004509-0495,Sonya Thompson-Ryan MD,Darin_Goodwin@yahoo.com,33
20250712004509-0496,Elbert Franey IV,Salvatore.Howe3@gmail.com,48
20250712004509-0497,Esther Skiles,Patricia_Witting@gmail.com,26
20250712004509-0498,Timothy Bernier-Harber,Gretchen.Mosciski73@yahoo.com,53
20250712004509-0499,Roger Ortiz,Toby62@gmail.com,56
20250712004509-0500,Anna Rohan,Alberto.Bergstrom95@yahoo.com,106
20250712004509-0501,Maxine Corwin,Rebecca54@yahoo.com,51
20250712004509-0502,Mr. Wm Beier,Lori84@gmail.com,26
20250712004509-0503,Gladys Harber,Yvonne.Gislason-Treutel12@hotmail.com,42
20250712004509-0504,Sandy Cassin PhD,Tonya.Morar-OConner89@gmail.com,110
20250712004509-0505,Mrs. Casey Johnston,Darrel66@gmail.com,17
20250712004509-0506,Margarita Feest,Yvonne_Kris@hotmail.com,82
20250712004509-0507,Jan Kub,Delores67@gmail.com,72
20250712004509-0508,Carolyn Weissnat,Erica47@yahoo.com,33
20250712004509-0509,Colin Murray,Mark60@hotmail.com,20
20250712004509-0510,Tom Rath,Cathy89@gmail.com,117
20250712004509-0511,Wilma Keebler,Mamie_Spencer@gmail.com,108
20250712004509-0512,Latoya Waelchi,Vernon_Wiza25@gmail.com,73
20250712004509-0513,Mr. Brian Weissnat,Sonya_Reichert@yahoo.com,20
20250712004509-0514,Armando Lockman,Tamara80@yahoo.com,43
20250712004509-0515,Craig Hammes,Jeremy_Dibbert@gmail.com,45
20250712004509-0516,Martin Morar,Boyd85@gmail.com,52
20250712004509-0517,Irving Bashirian,Bertha.Torphy-Schmidt59@gmail.com,118
20250712004509-0518,Ramiro Crist,Cody20@yahoo.com,23
20250712004509-0519,Orlando Hyatt,Felicia_Tremblay@yahoo.com,48
20250712004509-0520,Christy Lynch,Guy.Rice@hotmail.com,26
20250712004509-0521,Annie Sauer,Emma_Mayert89@hotmail.com,107
20250712004509-0522,Belinda Schimmel-Lebsack,Forrest92@gmail.com,10
20250712004509-0523,Ernesto Schinner,Theodore18@gmail.com,59
20250712004509-0524,Arnold Parisian,Kim_Willms@hotmail.com,22
20250712004509-0525,Gilberto Hammes,Jesus.Homenick@hotmail.com,5
20250712004509-0526,Reginald Wiza,Regina10@gmail.com,51
20250712004509-0527,Kelly Swift,Ida6@hotmail.com,94
20250712004509-0528,Rita Powlowski,Wilfred42@yahoo.com,86
20250712004509-0529,Pablo Hills,Bobby.Fadel@yahoo.com,12
20250712004509-0530,Sharon Predovic,Mary75@yahoo.com,20
20250712004509-0531,Mitchell Goodwin,Wade.Torp1@gmail.com,29
20250712004509-0532,Patti Wolf,Tyler90@yahoo.com,52
20250712004509-0533,Delbert Jacobs,Annette87@gmail.com,97
20250712004509-0534,Misty Ernser,Emmett42@hotmail.com,98
20250712004509-0535,Jaime Wilkinson,Wilbert64@yahoo.com,115
20250712004509-0536,Sergio Stokes,Traci.Schiller@yahoo.com,47
20250712004509-0537,Jeffery Bauch,Dennis86@yahoo.com,96
20250712004509-0538,Marty Abshire,Edith30@hotmail.com,45
20250712004509-0539,Kari Schmeler,Cassandra_Keebler70@yahoo.com,74
20250712004509-0540,Stephanie Spencer,Kristopher.Daniel87@hotmail.com,40
20250712004509-0541,Joseph Hessel,William.Bergstrom@yahoo.com,82
20250712004509-0542,Tammy Gerhold IV,Fred_Koelpin@hotmail.com,14
20250712004509-0543,Sandra Gerhold,Rosie78@yahoo.com,81
20250712004509-0544,Peggy Nicolas,Florence.Davis@hotmail.com,74
20250712004509-0545,Dr. Archie Predovic,Lois_Thompson2@hotmail.com,10
20250712004509-0546,Ms. Henrietta Runolfsson,Jenna85@gmail.com,76
20250712004509-0547,Casey Hayes-Schaden,Eddie.Johns@yahoo.com,115
20250712004509-0548,Mr. Ronald Denesik,Suzanne_Simonis53@hotmail.com,45
20250712004509-0549,Judith Heaney,Kay_Hartmann18@hotmail.com,25
20250712004509-0550,Randy Mraz,Geneva.Kemmer38@gmail.com,63
20250712004509-0551,Diane Doyle,Herman.Hammes55@yahoo.com,85
20250712004509-0552,Dustin Mayer,Kathy.Schuppe@gmail.com,56
20250712004509-0553,Chad Kohler,Walter.Johnston88@yahoo.com,112
20250712004509-0554,Lindsey Bauch,Francis45@yahoo.com,68
20250712004509-0555,Noel Yundt,Michele_Leffler36@gmail.com,80
20250712004509-0556,Mrs. Olga Emmerich,Cassandra97@gmail.com,59
20250712004509-0557,Rosemarie Hilll,Mae_Kozey@hotmail.com,33
20250712004509-0558,Alma O'Conner,Douglas_Sipes35@hotmail.com,6
20250712004509-0559,Rita Simonis II,Claire_Rohan@hotmail.com,74
20250712004509-0560,Dale Monahan,Lyle31@hotmail.com,101
20250712004509-0561,Emilio Nikolaus,Jana69@gmail.com,120
20250712004509-0562,Conrad Jaskolski,Jeanne_Sanford79@gmail.com,55
20250712004509-0563,Rudolph Smitham,Sonya13@yahoo.com,17
20250712004509-0564,Kirk Willms Sr.,Yvonne_Swaniawski98@yahoo.com,53
20250712004509-0565,Mathew Price,Tami87@yahoo.com,31
20250712004509-0566,Joanne Kuhn,Israel.Reynolds@gmail.com,64
20250712004509-0567,Brooke Volkman,Phyllis72@gmail.com,56
20250712004509-0568,Dexter Mayert,Chris53@gmail.com,86
20250712004509-0569,Jake Wiegand,Ethel_Runolfsdottir83@hotmail.com,57
20250712004509-0570,Alexander Gerlach,Latoya_Yundt@gmail.com,65
20250712004509-0571,Nichole Bartoletti,Rosie15@gmail.com,115
20250712004509-0572,Johnnie Davis II,Abraham_Runolfsson@yahoo.com,96
20250712004509-0573,Kerry Goyette,Caroline_Keeling@hotmail.com,54
20250712004509-0574,Patti Daniel,Jesus44@yahoo.com,101
20250712004509-0575,Jackie Hickle,Samantha.Corwin@gmail.com,65
20250712004509-0576,Mr. Randy Marquardt,Matt.Schneider97@yahoo.com,35
20250712004509-0577,Mr. Cameron Rath,Bernard84@yahoo.com,13
20250712004509-0578,Billie Buckridge,Charlotte26@gmail.com,106
20250712004509-0579,Bertha Frami,Arthur.Dooley66@hotmail.com,12
20250712004509-0580,Casey Funk,Phyllis.Strosin@yahoo.com,2
20250712004509-0581,Mrs. Marguerite Schamberger V,Brandon.Schowalter70@hotmail.com,38
20250712004509-0582,Mrs. Bethany Anderson,Deanna55@hotmail.com,81
20250712004509-0583,Dr. Carlos Bergstrom,Sheldon_Hartmann@gmail.com,51
20250712004509-0584,Mr. Ray McLaughlin,Suzanne_Lueilwitz1@hotmail.com,57
20250712004509-0585,Ellen Larson,Roxanne_Bashirian@gmail.com,78
20250712004509-0586,Jonathon Jones,Jody.Quigley-Ziemann33@yahoo.com,116
20250712004509-0587,Phyllis Jast,Gladys.Collins@yahoo.com,100
20250712004509-0588,Shelia Wiegand,Joan_Lesch99@gmail.com,30
20250712004509-0589,Darin Runolfsson,Lorene.Blick@gmail.com,30
20250712004509-0590,Ricardo Johnson Sr.,Floyd18@hotmail.com,120
20250712004509-0591,Colin Willms,Dora.OConner98@gmail.com,88
20250712004509-0592,Brad Luettgen,Rudolph_Mertz@yahoo.com,21
20250712004509-0593,Andrea Murphy-Weber PhD,Cristina20@hotmail.com,58
20250712004509-0594,Marco Dickens Sr.,Antonio94@yahoo.com,74
20250712004509-0595,Candace Osinski PhD,Blanche_Kling@hotmail.com,1
20250712004509-0596,Thelma Langworth,Clifton_Gibson@hotmail.com,36
20250712004509-0597,Ollie Tremblay,Dana66@yahoo.com,55
20250712004509-0598,Hope Parker,Darren82@gmail.com,104
20250712004509-0599,Dr. Jan Pollich,Maria_Block60@hotmail.com,110
20250712004509-0600,Miguel Romaguera,Jim.Haag51@yahoo.com,116
20250712004509-0601,Chad Satterfield,Annie.Mann@gmail.com,60
20250712004509-0602,Micheal Gleichner,Jeff_Swift@hotmail.com,90
20250712004509-0603,Carrie Considine,Kristie_Kilback@gmail.com,94
20250712004509-0604,Nettie Braun,Santiago.Christiansen@gmail.com,49
20250712004509-0605,Jennifer Paucek,Ellis.Zboncak81@gmail.com,83
20250712004509-0606,Billie Harvey,Lynda92@hotmail.com,7
20250712004509-0607,Ernesto Wilderman,Vickie.Miller@hotmail.com,60
20250712004509-0608,Lee Schowalter,Jeannie_Streich75@gmail.com,6
20250712004509-0609,Gene Dibbert,Ginger90@yahoo.com,75
20250712004509-0610,Ms. Rosa Renner Jr.,Antoinette74@hotmail.com,87
20250712004509-0611,Margaret VonRueden,Roxanne59@gmail.com,54
20250712004509-0612,Abel Stroman,Nicolas28@yahoo.com,61
20250712004509-0613,Verna Lueilwitz,Darrel_Batz@yahoo.com,48
20250712004509-0614,Austin Lesch,Jordan42@gmail.com,70
20250712004509-0615,Catherine Koss,Carol9@yahoo.com,53
20250712004509-0616,Guadalupe Daniel,Kim_OReilly52@gmail.com,45
20250712004509-0617,Timothy Pfannerstill,Dianne78@yahoo.com,14
20250712004509-0618,Miss Arlene Herzog,Ada33@gmail.com,103
20250712004509-0619,Isaac Hammes,Alyssa_Mueller@yahoo.com,54
20250712004509-0620,Krista Marvin,Ivan.McGlynn@gmail.com,34
20250712004509-0621,Elsa Green,Warren.Schmitt@gmail.com,52
20250712004509-0622,Cora Senger,Blanca_Abbott17@yahoo.com,42
20250712004509-0623,Eva Quigley,Elsa.Bogisich-Lockman71@hotmail.com,8
20250712004509-0624,Francis Bechtelar,Jan_Ryan-Macejkovic8@gmail.com,10
20250712004509-0625,Nadine Leannon,Natalie_Wehner-Blick@yahoo.com,24
20250712004509-0626,Meghan Grant IV,Ernestine18@hotmail.com,6
20250712004509-0627,Ollie Tillman,Michelle_Ratke@gmail.com,64
20250712004509-0628,Miss Erika Cormier,Ada.Dooley-West@gmail.com,52
20250712004509-0629,Carrie Considine,Hattie.Vandervort61@yahoo.com,80
20250712004509-0630,Dora Cremin,Faith_Glover@gmail.com,60
20250712004509-0631,Beverly Hansen,Irvin.Herman@gmail.com,35
20250712004509-0632,Mr. Gilberto Cronin,Chad98@yahoo.com,116
20250712004509-0633,Elijah Spencer,Jorge18@yahoo.com,111
20250712004509-0634,Wilbur Pfannerstill,Kari11@yahoo.com,76
20250712004509-0635,Eric McLaughlin,June77@hotmail.com,97
20250712004509-0636,Vicki Weber,Donald_Gorczany34@gmail.com,17
20250712004509-0637,Brent Strosin,Danny40@gmail.com,83
20250712004509-0638,Perry Will,Nina_Klein@gmail.com,90
20250712004509-0639,Deanna Little,Aubrey.Sipes65@yahoo.com,83
20250712004509-0640,Gail Herman,Rick41@yahoo.com,18
20250712004509-0641,Jacqueline Corwin,Leslie_Stehr46@yahoo.com,102
20250712004509-0642,Kim Gleason,Geoffrey_Carter@gmail.com,97
20250712004509-0643,Cecelia Cummings,Norma83@yahoo.com,92
20250712004509-0644,Melvin Gorczany,Irene_Orn@gmail.com,107
20250712004509-0645,Spencer VonRueden,Constance.Feeney7@yahoo.com,108
20250712004509-0646,Lowell Nader Sr.,Michael.Jakubowski@gmail.com,96
20250712004509-0647,Sean Abernathy,Kari15@gmail.com,113
20250712004509-0648,Jaime Stehr PhD,Cassandra_Anderson@yahoo.com,3
20250712004509-0649,Jasmine Stamm,Hannah9@yahoo.com,70
20250712004509-0650,Barry Heathcote,Ken_Farrell97@hotmail.com,27
20250712004509-0651,Gilbert Cummerata I,Virginia_Purdy@yahoo.com,19
20250712004509-0652,Stephen Cremin,Bob13@gmail.com,109
20250712004509-0653,Mr. Sherman Upton,Harold_Hoeger@yahoo.com,44
20250712004509-0654,Luz McGlynn,Chelsea.OConnell15@yahoo.com,88
20250712004509-0655,Warren Abshire,Alvin_Champlin@yahoo.com,92
20250712004509-0656,Brad Langosh,Alyssa19@hotmail.com,21
20250712004509-0657,Miss Della Zemlak,Erick.Von@hotmail.com,91
20250712004509-0658,Dr. Shawna Greenfelder,Joanne55@yahoo.com,79
20250712004509-0659,Alma Rogahn,Grant_Barton78@gmail.com,58
20250712004509-0660,Alfredo Price,Gwendolyn_Bogan@yahoo.com,87
20250712004509-0661,Cecil Harvey,Jay13@hotmail.com,67
20250712004509-0662,Elias Stanton-Klocko,Laverne_Zulauf94@gmail.com,84
20250712004509-0663,Tonya Glover,Perry_Walter48@hotmail.com,65
20250712004509-0664,Jermaine Thiel,Tina.Turner79@hotmail.com,37
20250712004509-0665,Salvador Kuhn,Cecil10@gmail.com,65
20250712004509-0666,Terry Schmidt,Brandon10@hotmail.com,65
20250712004509-0667,Daniel Fahey IV,Delia.Lesch11@hotmail.com,49
20250712004509-0668,Tommy Miller,Bernard58@yahoo.com,13
20250712004509-0669,Celia Wyman,Carl21@yahoo.com,33
20250712004509-0670,Clyde Schamberger,Eunice_Rath24@yahoo.com,21
20250712004509-0671,Colin Pagac,Mona_Doyle@hotmail.com,80
20250712004509-0672,Cory Koss,Clyde80@gmail.com,96
20250712004509-0673,Alison Kessler PhD,Elmer_Klein14@yahoo.com,80
20250712004509-0674,Victoria Orn,Chris_Braun48@yahoo.com,23
20250712004509-0675,Stanley Klein DDS,Roman.Heathcote52@hotmail.com,94
20250712004509-0676,Richard Wuckert DVM,Boyd45@yahoo.com,11
20250712004509-0677,Abraham Metz Sr.,Al63@yahoo.com,9
20250712004509-0678,Morris Marks,Joe.Walker@yahoo.com,82
20250712004509-0679,Terri Hodkiewicz,Rene.Stiedemann7@yahoo.com,75
20250712004509-0680,Willie Wisozk,Minnie.Casper10@hotmail.com,41
20250712004509-0681,Duane Walsh,Eileen.MacGyver@gmail.com,84
20250712004509-0682,Olive Wisozk,Erick.Toy85@yahoo.com,113
20250712004509-0683,Andrea Dooley,Janis_Gutmann@yahoo.com,72
20250712004509-0684,Charlotte Smitham PhD,Myrtle.Nolan@hotmail.com,33
20250712004509-0685,Angelica Huel-Dooley III,Loretta.OConner16@gmail.com,86
20250712004509-0686,Billie Ritchie-Walker,Dexter_Grimes@hotmail.com,46
20250712004509-0687,Lowell Rempel,Ramon3@gmail.com,60
20250712004509-0688,Ernestine Cormier,Vernon_Harris74@hotmail.com,38
20250712004509-0689,Kristy Schaden,Olivia_Witting@yahoo.com,78
20250712004509-0690,Lamar O'Hara,Lucille_Greenholt55@hotmail.com,25
20250712004509-0691,Ann Robel,Winifred_Kirlin70@hotmail.com,106
20250712004509-0692,Latoya Huel II,Shawna.Abbott2@yahoo.com,7
20250712004509-0693,Miranda Romaguera,Bryant.Schiller89@yahoo.com,110
20250712004509-0694,Keith Nolan,Armando.Keeling68@hotmail.com,78
20250712004509-0695,Jacquelyn Lueilwitz,Israel_Simonis8@gmail.com,87
20250712004509-0696,Kurt Lakin,Roger_Dach@gmail.com,55
20250712004509-0697,Ramon Boyer,Kenneth74@yahoo.com,56
20250712004509-0698,Heidi Zulauf,Brett1@hotmail.com,49
20250712004509-0699,Robyn Ortiz,Blanca_Kuvalis@yahoo.com,46
20250712004509-0700,Mildred Reichert,Jeanette.Cassin73@hotmail.com,18
20250712004509-0701,Carrie Blick,Nelson84@yahoo.com,18
20250712004509-0702,Rick Stamm,Kristie_Dibbert16@hotmail.com,57
20250712004509-0703,Ronald Kirlin,Juanita_Robel30@hotmail.com,97
20250712004509-0704,Lawrence Kertzmann,Johnathan.Boehm35@yahoo.com,66
20250712004509-0705,Steve Heaney,Peggy.Schroeder79@yahoo.com,13
20250712004509-0706,Lorraine Homenick,Daniel_Schultz70@hotmail.com,67
20250712004509-0707,Mindy Kerluke-Terry,Alfred_Brown@yahoo.com,59
20250712004509-0708,Michael Cronin,Ricky.White24@gmail.com,106
20250712004509-0709,Yolanda Bins,Wanda.Koelpin@hotmail.com,3
20250712004509-0710,Lewis Cormier IV,Jason25@gmail.com,118
20250712004509-0711,Victor Lebsack,Philip.West@gmail.com,46
20250712004509-0712,Antonio Abernathy,Wendell75@hotmail.com,64
20250712004509-0713,Billy Pouros-Kulas,Stephanie_Berge@hotmail.com,9
20250712004509-0714,Mr. Sylvester Harvey,Kellie_Braun18@yahoo.com,41
20250712004509-0715,Alan Powlowski,Laura_Rice48@hotmail.com,42
20250712004509-0716,Ashley Altenwerth,Cynthia.Hansen90@hotmail.com,52
20250712004509-0717,Tasha Haag,Marion92@yahoo.com,118
20250712004509-0718,Santos Jacobson,Wallace.Torp-Schinner@yahoo.com,33
20250712004509-0719,Vivian Aufderhar,Julie_Mitchell@yahoo.com,53
20250712004509-0720,Mr. Van Jakubowski,Alberto_Senger42@yahoo.com,54
20250712004509-0721,Mr. Barry Bogan DVM,Florence34@gmail.com,73
20250712004509-0722,Heidi O'Hara,Brandy26@hotmail.com,63
20250712004509-0723,Brett Muller,Brandi77@gmail.com,57
20250712004509-0724,Leslie Corwin,Herman_Brown@hotmail.com,83
20250712004509-0725,Jason Wiegand,Christopher_Bauch48@yahoo.com,4
20250712004509-0726,Abraham Bartoletti,Dolores_Kub96@hotmail.com,24
20250712004509-0727,Mr. Sylvester Spencer IV,Stewart_Hammes11@gmail.com,81
20250712004509-0728,Bessie Wunsch,Robin80@gmail.com,100
20250712004509-0729,Jaime Sanford I,Edmond25@yahoo.com,45
20250712004509-0730,Jackie Lynch,Ted_Murray70@gmail.com,52
20250712004509-0731,Robin Huels,Audrey.Miller62@gmail.com,96
20250712004509-0732,Marco Ruecker,Lynette.Daniel70@hotmail.com,78
20250712004509-0733,Eddie Johnson,Alonzo_Friesen@gmail.com,6
20250712004509-0734,Ryan Hessel,Marianne.Homenick59@yahoo.com,47
20250712004509-0735,Cornelius Swaniawski,Leah_Roberts@gmail.com,18
20250712004509-0736,Kim Pfeffer,Camille.Stanton48@yahoo.com,82
20250712004509-0737,Dale Emard Sr.,Edna71@yahoo.com,96
20250712004509-0738,Carroll Gibson,Leland.Waters84@hotmail.com,32
20250712004509-0739,Dr. Grant Robel,Tricia_Kutch-Medhurst80@yahoo.com,103
20250712004509-0740,Judith Rutherford,Myron_Olson@hotmail.com,113
20250712004509-0741,Lowell Hintz,Dianna.Windler41@hotmail.com,102
20250712004509-0742,Kerry Rosenbaum Sr.,Blanche_Connelly-Gusikowski9@yahoo.com,103
20250712004509-0743,Kimberly Walter,Hugo48@gmail.com,96
20250712004509-0744,Owen Feest,Dominic_Dietrich81@gmail.com,2
20250712004509-0745,Paulette Huel,Kim42@yahoo.com,38
20250712004509-0746,Bob Sanford,Lora_Leannon@gmail.com,74
20250712004509-0747,Philip Morar-Reinger,Brooke0@yahoo.com,91
20250712004509-0748,Mr. Daniel Wolf,Eduardo.Kessler@gmail.com,22
20250712004509-0749,Orville Zboncak,Claudia19@yahoo.com,18
20250712004509-0750,Terrell Cremin,Horace.Torp95@gmail.com,48
20250712004509-0751,Arturo Langosh,Samantha.Barrows1@yahoo.com,25
20250712004509-0752,Beth Heidenreich,Janis9@yahoo.com,15
20250712004509-0753,Guillermo Jacobi,Rickey_Hoppe@yahoo.com,118
20250712004509-0754,Clark Lehner,Morris88@yahoo.com,6
20250712004509-0755,Spencer Shields,Calvin_Hayes15@gmail.com,67
20250712004509-0756,Robyn Emmerich,Armando_Olson@hotmail.com,118
20250712004509-0757,Anne Friesen,Brooke.Bernhard56@hotmail.com,78
20250712004509-0758,Dr. Domingo Littel,Colleen.OKeefe17@gmail.com,49
20250712004509-0759,Elena Heidenreich,Adrian.Walker@yahoo.com,2
20250712004509-0760,Cora Hermiston,Linda38@yahoo.com,81
20250712004509-0761,Lillian Schneider,Carmen85@hotmail.com,105
20250712004509-0762,Tasha Sawayn I,Faye_Lindgren10@gmail.com,89
20250712004509-0763,Nathan Wisozk,Aubrey31@yahoo.com,76
20250712004509-0764,Mr. Edmund McKenzie,Pete_Halvorson65@hotmail.com,96
20250712004509-0765,Ronnie Kessler DVM,Harold83@yahoo.com,96
20250712004509-0766,Terrance Powlowski,Wilbur69@hotmail.com,77
20250712004509-0767,Ms. Krystal Reilly,Blanca_Lebsack49@yahoo.com,66
20250712004509-0768,Mrs. Ann Goldner DDS,Rodney.Streich47@gmail.com,100
20250712004509-0769,Joann Kirlin,Ray6@hotmail.com,25
20250712004509-0770,Lester Monahan,Russell.Macejkovic18@hotmail.com,100
20250712004509-0771,Angelina Metz,Abel2@gmail.com,41
20250712004509-0772,Carla Cronin,Kayla98@hotmail.com,36
20250712004509-0773,Leonard Mueller,Daisy72@hotmail.com,53
20250712004509-0774,Clint Quigley,Joann.Gislason@gmail.com,70
20250712004509-0775,Lowell Murray,Kristine_Labadie89@gmail.com,90
20250712004509-0776,Angel McKenzie V,Jan_Tremblay@gmail.com,120
20250712004509-0777,Carrie Kris,Lorenzo.Gerhold@gmail.com,93
20250712004509-0778,Nathan Simonis,Kristine56@hotmail.com,108
20250712004509-0779,Gregory Kutch,Nichole.Muller@gmail.com,15
20250712004509-0780,Alfonso Armstrong,Damon40@yahoo.com,24
20250712004509-0781,Dr. Gayle Wilderman,Rita38@yahoo.com,60
20250712004509-0782,Erik Crist,Delores94@hotmail.com,21
20250712004509-0783,Ellis Hamill,Ellis_Hettinger@hotmail.com,25
20250712004509-0784,Edmond Quitzon,Horace_Bode51@yahoo.com,76
20250712004509-0785,Phyllis Hamill,Joanna.Christiansen@hotmail.com,5
20250712004509-0786,Michelle Sporer,Marty.Gibson82@hotmail.com,106
20250712004509-0787,Darryl Daugherty,Andy_Heidenreich@hotmail.com,21
20250712004509-0788,Bradley Wiza,Marco.Wolff63@hotmail.com,77
20250712004509-0789,Dr. Gary Larkin,Nelson21@yahoo.com,6
20250712004509-0790,Angela Turcotte,Cassandra.Kub21@yahoo.com,37
20250712004509-0791,Mrs. Kristy Green-Greenholt,Joanna_Crist@gmail.com,56
20250712004509-0792,Elbert Gutmann,Julius15@hotmail.com,33
20250712004509-0793,Dr. Austin Pouros,Karl98@hotmail.com,91
20250712004509-0794,Jose Pfeffer,Spencer7@gmail.com,90
20250712004509-0795,Frederick Reinger DDS,Tyrone_Renner@gmail.com,84
20250712004509-0796,Guillermo Hoppe,Tony60@gmail.com,12
20250712004509-0797,Dr. Claude Bosco,Jean23@hotmail.com,45
20250712004509-0798,Jared O'Reilly DVM,Ana43@hotmail.com,69
20250712004509-0799,Cynthia Botsford,Iris_Welch@hotmail.com,65
20250712004509-0800,Otis Dach PhD,Beulah.Lind@gmail.com,110
20250712004509-0801,Martin Carter,Fred.Kling78@gmail.com,15
20250712004509-0802,Mrs. Tricia Dach,Jamie31@hotmail.com,68
20250712004509-0803,Armando Kiehn,Miranda91@gmail.com,24
20250712004509-0804,Guadalupe Haag,Marion_Stoltenberg27@hotmail.com,10
20250712004509-0805,Lisa Toy,Estelle20@yahoo.com,60
20250712004509-0806,Charlie Fisher PhD,Betsy91@yahoo.com,91
20250712004509-0807,Katrina Powlowski,Eva_Kris@hotmail.com,118
20250712004509-0808,Lauren Beahan,Spencer_DuBuque43@yahoo.com,71
20250712004509-0809,Jody Sauer,Jake.Marks@yahoo.com,110
20250712004509-0810,Emma Conn,Samuel.Heller@gmail.com,76
20250712004509-0811,Hilda Schroeder,Constance.Schmidt54@hotmail.com,79
20250712004509-0812,Annette Waters,Gregory17@gmail.com,82
20250712004509-0813,Brett Sipes V,Grace62@yahoo.com,8
20250712004509-0814,Dr. Ernesto Balistreri,Johnnie17@yahoo.com,33
20250712004509-0815,Raul Yundt,Delia81@hotmail.com,64
20250712004509-0816,Mr. Ray Zieme,Elsa.Shields@yahoo.com,36
20250712004509-0817,Hannah Lesch,Herbert.Cormier11@hotmail.com,68
20250712004509-0818,Rachel Kassulke,Leonard.Monahan@gmail.com,41
20250712004509-0819,Gwendolyn Bernier,Joanna34@hotmail.com,74
20250712004509-0820,Dewey Hoeger,Benjamin.Trantow@hotmail.com,24
20250712004509-0821,Micheal Hane,Emily42@gmail.com,99
20250712004509-0822,Mrs. Nadine Larkin,Troy.Greenholt64@gmail.com,42
20250712004509-0823,Miss Karen Ratke,Alexis.Cummings27@yahoo.com,112
20250712004509-0824,Krista Conroy MD,Emma14@gmail.com,73
20250712004509-0825,Perry Marks DVM,Marcella99@gmail.com,91
20250712004509-0826,Roman Hammes,Jose_Crist@yahoo.com,102
20250712004509-0827,Teri D'Amore-Weber,Carmen.Feil@yahoo.com,113
20250712004509-0828,Kristen Graham,Molly69@gmail.com,76
20250712004509-0829,Shannon Quigley,Kenneth.Bernier91@yahoo.com,72
20250712004509-0830,Mrs. Edna Sauer-Murazik,Marie69@yahoo.com,73
20250712004509-0831,Santiago Crist,Roland37@hotmail.com,85
20250712004509-0832,Ms. Sylvia Aufderhar,Faith.Schuster21@yahoo.com,19
20250712004509-0833,Marie Weissnat,Erin.Leffler@gmail.com,14
20250712004509-0834,Alfonso Mills,Alton73@hotmail.com,45
20250712004509-0835,Amos O'Hara,Sidney36@gmail.com,93
20250712004509-0836,Jamie Gislason,Lauren_Graham50@hotmail.com,46
20250712004509-0837,Thomas Harris,Pauline.Cormier55@hotmail.com,92
20250712004509-0838,Ed Ferry,Adam_Stamm@yahoo.com,89
20250712004509-0839,Meghan Satterfield,Danny_Schumm@yahoo.com,97
20250712004509-0840,Isabel Jacobi,May_Moore8@hotmail.com,24
20250712004509-0841,Cecelia Hayes,Russell_Hagenes@gmail.com,60
20250712004509-0842,Meghan Batz,Alfredo6@yahoo.com,82
20250712004509-0843,Karen Murazik DDS,Ora.Hermiston72@hotmail.com,60
20250712004509-0844,Jan Nienow,Jeffery_Rodriguez@yahoo.com,44
20250712004509-0845,Maureen Stamm,Virginia43@hotmail.com,52
20250712004509-0846,Meghan Rohan,Israel_Corkery@yahoo.com,13
20250712004509-0847,Ms. Krista Pacocha,Cecelia.Koss33@hotmail.com,65
20250712004509-0848,Christopher Rau,Jon_Carroll@gmail.com,73
20250712004509-0849,Miss Lela Quigley,Ignacio17@yahoo.com,41
20250712004509-0850,Alison Hand,Nathan_Mayer5@hotmail.com,100
20250712004509-0851,Wayne Willms,Antonia7@hotmail.com,8
20250712004509-0852,Alma Ernser,Hattie.Corwin@yahoo.com,100
20250712004509-0853,Tracy Leffler,Dianna_Franecki52@hotmail.com,113
20250712004509-0854,Everett Cummings,Cecil.Hane@yahoo.com,107
20250712004509-0855,Bob Schneider,Frankie.Greenfelder@hotmail.com,109
20250712004509-0856,Julius Pouros,Mildred.Schuppe@yahoo.com,45
20250712004509-0857,Dr. Stacy Hoeger,Bradford.Cassin@gmail.com,45
20250712004509-0858,Muriel Howell,Mamie_Strosin@hotmail.com,90
20250712004509-0859,Alton Kilback,Irvin30@yahoo.com,110
20250712004509-0860,Wilbert Daugherty V,Roman24@yahoo.com,62
20250712004509-0861,Dr. Jon Koch,Rhonda10@hotmail.com,41
20250712004509-0862,Virginia Swaniawski,Debra17@yahoo.com,73
20250712004509-0863,Mrs. Ana Franecki,Santos.McCullough84@hotmail.com,48
20250712004509-0864,Colleen Crist-Swift,Alfred46@gmail.com,11
20250712004509-0865,Cody O'Kon-Bogisich,Lawrence.Hyatt@gmail.com,94
20250712004509-0866,Patti Barton,Santiago_Friesen72@yahoo.com,41
20250712004509-0867,Patricia Spencer,Kathy8@hotmail.com,76
20250712004509-0868,Javier Stracke,Tanya30@hotmail.com,34
20250712004509-0869,Garry Willms-Bins,Clyde.Daugherty-Hilpert90@yahoo.com,106
20250712004509-0870,Joey Koss,Charlene49@gmail.com,1
20250712004509-0871,Johnnie Corkery,Caroline32@hotmail.com,63
20250712004509-0872,Alberta McKenzie PhD,Dominick54@gmail.com,83
20250712004509-0873,Margie O'Hara,Stuart.Quigley94@hotmail.com,108
20250712004509-0874,Ms. Susie Koelpin,Wilma95@gmail.com,83
20250712004509-0875,Ms. Cynthia Hyatt,Mae_Trantow@yahoo.com,40
20250712004509-0876,Mark Wiza,Belinda43@yahoo.com,23
20250712004509-0877,Lela Gorczany,Julian_Halvorson@hotmail.com,95
20250712004509-0878,Sheila Kuvalis,Blanca59@yahoo.com,114
20250712004509-0879,Glen Jakubowski,Micheal_Larkin@hotmail.com,77
20250712004509-0880,Damon Armstrong,Neil83@gmail.com,103
20250712004509-0881,Sylvia Crist V,Erin.Monahan@yahoo.com,119
20250712004509-0882,Amos Hudson,Jodi_Krajcik22@gmail.com,75
20250712004509-0883,Forrest Heaney,Albert51@hotmail.com,104
20250712004509-0884,Jean Reynolds,Erica77@gmail.com,49
20250712004509-0885,Kendra Predovic,Marguerite.Heidenreich86@yahoo.com,75
20250712004509-0886,Joey Hahn,Jesse27@hotmail.com,109
20250712004509-0887,Joel Stark,Shane_Dibbert29@hotmail.com,2
20250712004509-0888,Jacob Block,Aaron.Morar98@hotmail.com,118
20250712004509-0889,Eva Olson,Tomas60@gmail.com,97
20250712004509-0890,Kelli Lubowitz-Pfannerstill,Melba_Bogisich93@yahoo.com,82
20250712004509-0891,Vernon Nolan Sr.,Sidney22@gmail.com,24
20250712004509-0892,Willis Christiansen,Angie30@gmail.com,115
20250712004509-0893,Micheal Homenick,Julian5@hotmail.com,110
20250712004509-0894,Saul Heaney V,Megan52@hotmail.com,38
20250712004509-0895,Lewis Zboncak,Johnathan.Gorczany@gmail.com,4
20250712004509-0896,Dr. Otis Kihn-Mitchell,Erika88@yahoo.com,109
20250712004509-0897,Kevin Kihn,Levi.Jakubowski44@yahoo.com,115
20250712004509-0898,Mitchell Strosin,Ricardo.DAmore3@yahoo.com,52
20250712004509-0899,Carol Gislason,Frederick70@yahoo.com,48
20250712004509-0900,Beverly Ritchie,Salvatore95@hotmail.com,13
20250712004509-0901,Kay Johns,Elijah.Greenholt@gmail.com,112
20250712004509-0902,Roman Cormier,Kathleen_Stanton@hotmail.com,71
20250712004509-0903,Sylvia Steuber,Kristopher92@hotmail.com,96
20250712004509-0904,Domingo Gibson-Senger,Ashley59@gmail.com,69
20250712004509-0905,Rafael Daniel,Jerome.Nikolaus@yahoo.com,111
20250712004509-0906,Clayton Murray,Jeremiah.Hilll@gmail.com,44
20250712004509-0907,Warren Huel-Howell,Thelma44@yahoo.com,3
20250712004509-0908,Mr. Fred Anderson,Drew_McDermott99@gmail.com,75
20250712004509-0909,Mr. Delbert Emard,Wilfred_OKon60@yahoo.com,49
20250712004509-0910,Evelyn Crist,Andres.Lynch@yahoo.com,114
20250712004509-0911,Timmy Kovacek,Renee9@gmail.com,103
20250712004509-0912,Boyd Shields,Grace_Willms58@hotmail.com,104
20250712004509-0913,Toby VonRueden-Dicki,Thomas1@gmail.com,91
20250712004509-0914,Ryan Wisoky,Rose_Jones84@hotmail.com,61
20250712004509-0915,Dr. Ross McLaughlin,Mable30@yahoo.com,18
20250712004509-0916,Kristi Welch,Austin_Lynch88@yahoo.com,38
20250712004509-0917,Josefina Hahn,Pat45@yahoo.com,120
20250712004509-0918,Brittany Bechtelar I,Laurence_Stracke@gmail.com,26
20250712004509-0919,Roberto Bergstrom,Pat.Bayer15@yahoo.com,51
20250712004509-0920,Jaime Ledner,Alexis_Paucek@gmail.com,78
20250712004509-0921,Harriet Feeney MD,Felicia21@yahoo.com,110
20250712004509-0922,Kim Jaskolski,Rachel72@hotmail.com,51
20250712004509-0923,Horace Leffler,Hattie35@gmail.com,65
20250712004509-0924,Gladys Feest IV,Jesus.Grant@yahoo.com,50
20250712004509-0925,Carolyn Dare I,Sherri11@yahoo.com,44
20250712004509-0926,Hubert Berge,Latoya83@yahoo.com,79
20250712004509-0927,Dr. Herbert Kunde,Julian_Raynor@hotmail.com,56
20250712004509-0928,Patti Schuppe II,Tommy_Predovic52@yahoo.com,114
20250712004509-0929,Eugene Labadie IV,Lila.Huels30@gmail.com,56
20250712004509-0930,Mr. Brad Casper,Sheri.Terry90@hotmail.com,84
20250712004509-0931,Andrew Brown-Franecki,Elbert.Emard@gmail.com,28
20250712004509-0932,Mr. Alfredo Kirlin,Alison.Balistreri25@gmail.com,101
20250712004509-0933,Brad Lubowitz,Noel.Streich95@yahoo.com,2
20250712004509-0934,Sarah Rohan,Danny8@yahoo.com,59
20250712004509-0935,Dan Klein,Justin_Becker78@yahoo.com,29
20250712004509-0936,Opal Swift IV,Bridget79@gmail.com,77
20250712004509-0937,Earnest Schmidt DDS,Anita.Tromp@yahoo.com,44
20250712004509-0938,Cary O'Hara,Tomas10@hotmail.com,41
20250712004509-0939,Marcos Hodkiewicz,Bert.Will53@hotmail.com,102
20250712004509-0940,Ms. Danielle Nader,Robin_Schaefer@hotmail.com,47
20250712004509-0941,Catherine Hoeger V,Amelia.Zulauf@yahoo.com,50
20250712004509-0942,Margaret Gutkowski,Elisa.Kemmer@hotmail.com,57
20250712004509-0943,Fannie Kunde,Myron.Tromp@hotmail.com,98
20250712004509-0944,Barry Koss,Rose86@gmail.com,33
20250712004509-0945,Forrest Reinger I,Esther_Kuhlman2@gmail.com,115
20250712004509-0946,Jay Parker,Sharon_Walter51@gmail.com,118
20250712004509-0947,Alice Corwin,Christopher.Blick@hotmail.com,57
20250712004509-0948,Dewey Ritchie,Bryant.Kertzmann5@gmail.com,109
20250712004509-0949,Nichole Hintz,Kyle_Thiel90@hotmail.com,91
20250712004509-0950,Roland Walsh,Janie39@gmail.com,12
20250712004509-0951,Eddie Jones,Taylor.Feest92@yahoo.com,94
20250712004509-0952,Colin Stamm-Lind,Ismael_Walker33@gmail.com,48
20250712004509-0953,Vernon Cummerata,Noah.Nienow@gmail.com,116
20250712004509-0954,Nellie Schulist,Alfredo78@hotmail.com,63
20250712004509-0955,Patrick Reilly,Bernadette_Krajcik@yahoo.com,23
20250712004509-0956,Randy Stokes,Ramon_Swaniawski@hotmail.com,21
20250712004509-0957,Terri Jacobs,Leonard_Hartmann42@yahoo.com,117
20250712004509-0958,Cody Boyer,Joan.Feest-Swift@yahoo.com,114
20250712004509-0959,Melody Lebsack,Pam_Schmeler@yahoo.com,64
20250712004509-0960,Ginger Rodriguez,Andrew.Rowe28@yahoo.com,62
20250712004509-0961,Edith Schulist,Noel.Legros99@hotmail.com,76
20250712004509-0962,Nathaniel Hettinger,Kristopher_Durgan@hotmail.com,12
20250712004509-0963,Donald Effertz,Kara.Monahan@yahoo.com,47
20250712004509-0964,Kelvin Pouros,Kristen.Abbott65@gmail.com,92
20250712004509-0965,Bradley Lind IV,Frank55@hotmail.com,37
20250712004509-0966,Philip Cummings DVM,Erin.Friesen@yahoo.com,88
20250712004509-0967,Tara Muller,Rogelio50@yahoo.com,81
20250712004509-0968,Andy Turner,Damon_Wisoky-Ortiz20@hotmail.com,85
20250712004509-0969,Gayle Wilkinson,Billie.Kuvalis61@gmail.com,67
20250712004509-0970,Jamie Toy,Pedro_Howe61@yahoo.com,38
20250712004509-0971,Geoffrey Douglas,Amanda.Kuphal56@yahoo.com,47
20250712004509-0972,Duane Gorczany,Geraldine.Howell0@hotmail.com,108
20250712004509-0973,Miriam Schmeler,Grant26@gmail.com,25
20250712004509-0974,Miss Kelli Shields,Mae37@yahoo.com,12
20250712004509-0975,Rachael Robel,Evelyn.Cremin69@hotmail.com,2
20250712004509-0976,Rufus Jacobs,Jesus.Bartell62@hotmail.com,71
20250712004509-0977,Morris Funk,Rudolph.Berge61@gmail.com,38
20250712004509-0978,Lorena Cummings,Nadine26@gmail.com,48
20250712004509-0979,Dr. Kristine Buckridge,Bryant.Schmitt@hotmail.com,92
20250712004509-0980,Otis Klocko,Juan86@yahoo.com,17
20250712004509-0981,Daisy Feeney,Barry64@yahoo.com,61
20250712004509-0982,Rogelio Considine,Jasmine73@hotmail.com,13
20250712004509-0983,Casey Grimes,Emilio.Powlowski@hotmail.com,109
20250712004509-0984,Mr. Wallace Paucek,Domingo.Pacocha-Kuhn@yahoo.com,80
20250712004509-0985,Freda Zboncak,Stanley_Abshire5@hotmail.com,44
20250712004509-0986,Hilda Orn,Fredrick78@yahoo.com,63
20250712004509-0987,Jimmy Kautzer,Darnell95@yahoo.com,8
20250712004509-0988,Carl Ebert,Krista.Armstrong@yahoo.com,27
20250712004509-0989,Miss Donna O'Reilly,Lucy88@gmail.com,118
20250712004509-0990,Mabel Towne,Janie.Fadel@yahoo.com,81
20250712004509-0991,Mrs. Casey Murray,Emmett_Kiehn66@hotmail.com,15
20250712004509-0992,Leticia Smith,Kathleen85@yahoo.com,83
20250712004509-0993,Mr. Carlos Hyatt,James90@yahoo.com,120
20250712004509-0994,Leroy Jones,Santos.Green@yahoo.com,24
20250712004509-0995,Roderick Hyatt,Merle_Runolfsdottir@hotmail.com,19
20250712004509-0996,Doug Altenwerth,Victoria_Cronin@hotmail.com,102
20250712004509-0997,Sara Gibson,Daryl71@yahoo.com,113
20250712004509-0998,Bradley Mayert,Josefina.Trantow@hotmail.com,99
20250712004509-0999,Gayle Lindgren,Kari56@hotmail.com,109
20250712004509-1000,Christy Bartell,Gina_Roob@gmail.com,17
20250712004509-1001,Herman Ortiz,Emilio6@yahoo.com,108
